login,password,address1,address2,pass1,arrive,depart
userXset1,password1,Street 11,Street 12,Passenger 1,Denver,Frankfurt
userXset2,password2,Street 21,Street 22,Passenger 2,Frankfurt,London
userXset3,password3,Street 31,Street 32,Passenger 3,London,Los Angeles
userXset4,password4,Street 41,Street 42,Passenger 4,Los Angeles,Paris
userXset5,password5,Street 51,Street 52,Passenger 5,Paris,Portland
userXset6,password6,Street 61,Street 62,Passenger 6,Portland,San Francisco
userXset7,password7,Street 71,Street 72,Passenger 7,San Francisco,Seattle
userXset8,password8,Street 81,Street 82,Passenger 8,Seattle,Sydney
userXset9,password9,Street 91,Street 92,Passenger 9,Sydney,Zurich
userXset10,password10,Street 10,Street 10,Passenger 10,Zurich,Denver